chunk_id,sum_nats,n_bytes
span_00000,605.114929,800
span_00001,716.983032,800
span_00002,744.702698,800
span_00003,718.383057,800
span_00004,565.209839,800
span_00005,438.186829,800
span_00006,445.706635,800
span_00007,315.451050,800
span_00008,799.093323,800
span_00009,690.741211,800
span_00010,465.271729,800
span_00011,473.245667,800
span_00012,367.917542,800
span_00013,560.416016,800
span_00014,484.544373,800
span_00015,564.062256,800
span_00016,730.127502,800
span_00017,535.630615,800
span_00018,615.878113,800
span_00019,451.236450,800
span_00020,585.995239,800
span_00021,574.744141,800
span_00022,718.417236,800
span_00023,672.212891,800
span_00024,656.964478,800
span_00025,576.526855,800
span_00026,638.197449,800
span_00027,601.315918,800
span_00028,652.665771,800
span_00029,524.080627,800
span_00030,326.737518,800
span_00031,558.036987,800
span_00032,643.796692,800
span_00033,705.910583,800
span_00034,740.231689,800
span_00035,789.526123,800
span_00036,693.593506,800
span_00037,482.625793,800
span_00038,732.882812,800
span_00039,603.369385,800
span_00040,543.262512,800
span_00041,563.031982,800
span_00042,443.909851,800
span_00043,689.511536,801
span_00044,689.832520,800
span_00045,708.637451,802
span_00046,774.276794,800
span_00047,727.849121,800
span_00048,767.428955,800
span_00049,667.080994,800
span_00050,690.951782,800
span_00051,696.227417,800
span_00052,609.269531,800
span_00053,593.542603,800
span_00054,612.115967,800
span_00055,601.585449,800
span_00056,489.971985,800
span_00057,559.257080,800
span_00058,590.794678,800
span_00059,631.076416,800
span_00060,566.580444,800
span_00061,563.095703,800
span_00062,583.065002,800
span_00063,643.251343,801
span_00064,639.089905,800
span_00065,717.180908,800
span_00066,622.874146,800
span_00067,601.329224,800
span_00068,677.531738,800
span_00069,473.494080,800
span_00070,468.125000,800
span_00071,368.133118,800
span_00072,493.681213,800
span_00073,558.764160,800
span_00074,586.969360,800
span_00075,631.631958,800
span_00076,505.948456,800
span_00077,459.491272,800
span_00078,614.535400,802
span_00079,572.943420,800
span_00080,564.718506,802
span_00081,603.561890,800
span_00082,514.150757,800
span_00083,462.946350,800
span_00084,389.515900,800
span_00085,427.207642,800
span_00086,427.091492,800
span_00087,426.794342,800
span_00088,448.945953,800
span_00089,413.195740,800
span_00090,419.888916,800
span_00091,269.599060,800
span_00092,398.722717,800
span_00093,444.412018,800
span_00094,443.942566,800
span_00095,442.061920,800
span_00096,414.056030,800
span_00097,427.563049,800
span_00098,440.830872,800
span_00099,434.640930,800
span_00100,469.542938,800
span_00101,423.722717,800
span_00102,454.256195,800
span_00103,499.797485,800
span_00104,485.847656,800
span_00105,464.946960,800
span_00106,406.558624,800
span_00107,443.021362,800
span_00108,424.927673,800
span_00109,675.304626,800
span_00110,684.836548,800
span_00111,595.586365,800
span_00112,376.061035,800
span_00113,440.264801,800
span_00114,465.430817,800
span_00115,397.233337,800
span_00116,460.494202,800
span_00117,488.832703,800
span_00118,419.839233,800
span_00119,462.065186,800
span_00120,634.644409,800
span_00121,662.964783,800
span_00122,726.242188,800
span_00123,500.232483,800
span_00124,703.071777,800
span_00125,679.962402,800
span_00126,728.947693,800
span_00127,735.092651,800
span_00128,726.379761,800
span_00129,712.085693,800
span_00130,709.943604,800
span_00131,573.478760,800
span_00132,687.973145,800
span_00133,707.638184,800
span_00134,658.161255,800
span_00135,713.803467,800
span_00136,671.055115,800
span_00137,749.385803,800
span_00138,783.339844,800
span_00139,689.156433,800
span_00140,673.424683,800
span_00141,635.853271,800
span_00142,728.449402,800
span_00143,793.769226,800
span_00144,805.431641,800
span_00145,656.386597,800
span_00146,724.591736,800
span_00147,631.661194,800
span_00148,651.396912,800
span_00149,666.167480,800
span_00150,600.675049,800
span_00151,594.613647,800
span_00152,591.464050,800
span_00153,674.389099,800
span_00154,531.387878,800
span_00155,451.779907,800
span_00156,656.309082,800
span_00157,540.487000,800
span_00158,512.349548,801
span_00159,536.222168,800
span_00160,515.823853,800
span_00161,645.450684,800
span_00162,734.875000,800
span_00163,723.677490,800
span_00164,719.995117,800
span_00165,669.933533,800
span_00166,681.747314,800
span_00167,609.456238,800
span_00168,705.480957,800
span_00169,672.546265,800
span_00170,658.807861,800
span_00171,724.893860,800
span_00172,637.599609,800
span_00173,647.278687,800
span_00174,725.333496,800
span_00175,728.671509,800
span_00176,632.069946,800
span_00177,681.730469,800
span_00178,602.904419,800
span_00179,750.103760,801
span_00180,668.535461,800
span_00181,672.553467,800
span_00182,765.449707,800
span_00183,665.905823,800
span_00184,322.178375,800
span_00185,507.992371,800
span_00186,443.715088,800
span_00187,573.216125,800
span_00188,590.368591,800
span_00189,500.436829,800
span_00190,338.130127,800
span_00191,410.008728,800
span_00192,442.169678,800
span_00193,692.901855,800
span_00194,629.707031,800
span_00195,680.936157,800
span_00196,579.802979,800
span_00197,658.911316,800
span_00198,640.664551,800
span_00199,607.656616,800
span_00200,730.636719,800
span_00201,608.377197,800
span_00202,676.060547,800
span_00203,646.851562,800
span_00204,639.660828,800
span_00205,679.370972,800
span_00206,553.205383,800
span_00207,479.725525,800
span_00208,424.741699,800
span_00209,505.614960,801
span_00210,559.074158,800
span_00211,598.213318,800
span_00212,569.507019,800
span_00213,544.935364,800
span_00214,629.562256,800
span_00215,492.511566,800
span_00216,566.823730,800
span_00217,475.298767,800
span_00218,507.890198,800
span_00219,537.315125,800
span_00220,561.184570,800
span_00221,595.242371,800
span_00222,617.301331,800
span_00223,636.480591,800
span_00224,549.029175,800
span_00225,512.222290,800
span_00226,581.572510,800
span_00227,590.544067,800
span_00228,602.992981,800
span_00229,489.485901,800
span_00230,505.573792,800
span_00231,586.171997,800
span_00232,659.282715,800
span_00233,716.280396,800
span_00234,629.397583,800
span_00235,502.551788,800
span_00236,628.054626,800
span_00237,677.351440,800
span_00238,708.659546,800
span_00239,592.295166,800
span_00240,581.479370,800
span_00241,607.478760,800
span_00242,556.453613,800
span_00243,553.767029,801
span_00244,625.310791,800
span_00245,589.604370,800
span_00246,588.297058,800
span_00247,601.175781,800
span_00248,579.988586,800
span_00249,637.307007,800
span_00250,556.366333,800
span_00251,637.115845,800
span_00252,619.100037,800
span_00253,512.042725,800
span_00254,703.973389,800
span_00255,743.860596,800
span_00256,734.721130,800
span_00257,783.022095,800
span_00258,719.325195,800
span_00259,783.389099,800
span_00260,724.676514,800
span_00261,516.507507,800
span_00262,641.643799,800
span_00263,656.039001,800
span_00264,688.418335,800
span_00265,687.701111,800
span_00266,785.421021,800
span_00267,749.993713,800
span_00268,687.346619,800
span_00269,741.591858,800
span_00270,707.101807,800
span_00271,607.913086,800
span_00272,676.237793,800
span_00273,552.604187,800
span_00274,478.110596,800
span_00275,534.099243,800
span_00276,598.169434,800
span_00277,553.877808,800
span_00278,604.335815,800
span_00279,602.873413,800
span_00280,557.538696,800
span_00281,621.183472,800
span_00282,578.391113,800
span_00283,519.600830,800
span_00284,420.345154,800
span_00285,413.028076,800
span_00286,641.338501,800
span_00287,556.469177,800
span_00288,507.404419,800
span_00289,570.484253,801
span_00290,476.612061,800
span_00291,545.175354,800
span_00292,606.009155,800
span_00293,799.877502,800
span_00294,436.237549,800
span_00295,595.165649,802
span_00296,487.591736,800
span_00297,683.964417,800
span_00298,703.197144,800
span_00299,726.553101,800
span_00300,605.762817,800
span_00301,664.503967,800
span_00302,623.577087,800
span_00303,749.103027,800
span_00304,622.672119,800
span_00305,434.343079,800
span_00306,653.473267,800
span_00307,595.192627,800
span_00308,589.784180,800
span_00309,603.431458,800
span_00310,674.854980,800
span_00311,722.722046,801
span_00312,638.172729,800
span_00313,593.768494,800
span_00314,621.355713,800
span_00315,599.659973,800
span_00316,676.161621,800
span_00317,451.046997,800
span_00318,494.471130,800
span_00319,645.384216,800
span_00320,473.913696,800
span_00321,458.600403,800
span_00322,622.306030,800
span_00323,675.104980,800
span_00324,574.566223,800
span_00325,844.298706,800
span_00326,770.226929,800
span_00327,993.696045,800
span_00328,755.218628,800
span_00329,727.602661,800
span_00330,722.544495,800
span_00331,880.550293,800
span_00332,843.227295,800
span_00333,766.200684,802
span_00334,705.956055,802
span_00335,803.579712,800
span_00336,839.318481,800
span_00337,826.941528,800
span_00338,791.090271,800
span_00339,759.197510,800
span_00340,827.497925,800
span_00341,915.104187,800
span_00342,805.582153,800
span_00343,972.685059,800
span_00344,766.850098,800
span_00345,782.494263,800
span_00346,941.281677,800
span_00347,827.433838,800
span_00348,649.066895,800
span_00349,721.558105,800
span_00350,704.609741,800
span_00351,642.551575,800
span_00352,772.506775,800
span_00353,680.220154,800
span_00354,821.760132,800
span_00355,584.037781,800
span_00356,633.560608,800
span_00357,590.255432,800
span_00358,547.336914,800
span_00359,603.092102,800
span_00360,696.852051,801
span_00361,640.697205,800
span_00362,612.192749,800
span_00363,724.399780,800
span_00364,681.711426,800
span_00365,623.894775,800
span_00366,638.307861,800
span_00367,590.274658,800
span_00368,423.871826,800
span_00369,396.833435,800
span_00370,286.707153,800
span_00371,372.664459,800
span_00372,451.926605,800
span_00373,561.994568,800
span_00374,547.929749,800
span_00375,526.912231,800
span_00376,535.817139,800
span_00377,594.415161,800
span_00378,650.854797,800
span_00379,669.499268,800
span_00380,593.888489,800
span_00381,654.080444,800
span_00382,661.852905,800
span_00383,713.054382,800
span_00384,600.421692,800
span_00385,625.721436,800
span_00386,305.830353,800
span_00387,377.736633,800
span_00388,352.183655,800
span_00389,559.627441,800
span_00390,580.367737,800
span_00391,500.636719,800
span_00392,632.824585,800
span_00393,743.680176,800
span_00394,755.689514,800
span_00395,786.962708,800
span_00396,801.288452,800
span_00397,908.630615,800
span_00398,786.587524,800
span_00399,787.933594,800
span_00400,748.343262,800
span_00401,762.064697,800
span_00402,679.793640,800
span_00403,513.368652,800
span_00404,458.788208,800
span_00405,534.169922,800
span_00406,509.464752,800
span_00407,500.277039,800
span_00408,525.164185,800
span_00409,495.245636,800
span_00410,529.703369,800
span_00411,475.584106,800
span_00412,480.541504,800
span_00413,609.448242,800
span_00414,540.981934,800
span_00415,479.959045,800
span_00416,453.436462,800
span_00417,539.813965,800
span_00418,554.858582,800
span_00419,555.933838,800
span_00420,831.402466,800
span_00421,812.312195,800
span_00422,889.980469,800
span_00423,887.452515,800
span_00424,912.772461,800
span_00425,843.555054,800
span_00426,666.024292,800
span_00427,561.837891,800
span_00428,561.829041,800
span_00429,602.784668,800
span_00430,576.535645,800
span_00431,756.576294,800
span_00432,694.014954,800
span_00433,883.698059,800
span_00434,746.217957,800
span_00435,732.991943,800
span_00436,627.718445,800
span_00437,601.150879,800
span_00438,580.768677,800
span_00439,546.369141,800
span_00440,527.916870,800
span_00441,481.313873,800
span_00442,576.333435,800
span_00443,634.109619,800
span_00444,548.738892,800
span_00445,618.977295,800
span_00446,581.240112,800
span_00447,561.995911,800
span_00448,585.183350,800
span_00449,628.669800,800
span_00450,577.131226,800
span_00451,669.011963,800
span_00452,589.881226,800
span_00453,573.756775,800
span_00454,569.451660,800
span_00455,487.897491,800
span_00456,524.430420,800
span_00457,602.158691,800
span_00458,559.715210,800
span_00459,557.196655,800
span_00460,610.289551,800
span_00461,637.938721,800
span_00462,561.270386,800
span_00463,667.032593,800
span_00464,660.293030,800
span_00465,580.285095,800
span_00466,460.750000,800
span_00467,488.221619,800
span_00468,501.716675,800
span_00469,387.100006,800
span_00470,506.224457,800
span_00471,556.721130,800
span_00472,571.180054,800
span_00473,498.195435,800
span_00474,498.090088,800
span_00475,574.949951,800
span_00476,517.813721,800
span_00477,584.399475,800
span_00478,699.871338,800
span_00479,506.280334,800
span_00480,598.550659,800
span_00481,515.073608,800
span_00482,515.874146,800
span_00483,535.862671,800
span_00484,469.142670,800
span_00485,491.900391,800
span_00486,520.101990,800
span_00487,480.782532,800
span_00488,505.719543,800
span_00489,453.900635,800
span_00490,468.429169,800
span_00491,514.111816,800
span_00492,530.691467,800
span_00493,556.783569,800
span_00494,491.805359,800
span_00495,483.929443,800
span_00496,491.239594,800
span_00497,512.836304,800
span_00498,541.425293,800
span_00499,506.078644,801
span_00500,430.688721,800
span_00501,440.885254,800
span_00502,491.687408,800
span_00503,503.028320,800
span_00504,493.881042,800
span_00505,527.614258,800
span_00506,484.683960,800
span_00507,537.725708,800
span_00508,484.266235,800
span_00509,528.617920,800
span_00510,466.769531,800
span_00511,685.532227,800
span_00512,627.002319,800
span_00513,553.641235,800
span_00514,597.788696,800
span_00515,640.947144,800
span_00516,677.918030,800
span_00517,609.026123,800
span_00518,570.899536,800
span_00519,669.208069,800
span_00520,652.084412,800
span_00521,755.981079,800
span_00522,742.663940,800
span_00523,711.395630,800
span_00524,693.116577,800
span_00525,550.192871,800
span_00526,598.981934,800
span_00527,669.279175,800
span_00528,502.980347,800
span_00529,652.619995,800
span_00530,607.945862,800
span_00531,559.584839,800
span_00532,526.855347,800
span_00533,574.047424,800
span_00534,487.569397,800
span_00535,573.174316,800
span_00536,557.086182,800
span_00537,520.464966,800
span_00538,555.014465,800
span_00539,591.560669,800
span_00540,587.831787,800
span_00541,659.153442,800
span_00542,492.994385,800
span_00543,402.256500,800
span_00544,586.707886,800
span_00545,534.572388,800
span_00546,625.599365,800
span_00547,626.965576,800
span_00548,620.399902,800
span_00549,623.969177,800
span_00550,675.550537,800
span_00551,579.119995,800
span_00552,589.148621,800
span_00553,652.284668,800
span_00554,718.625244,800
span_00555,626.788757,800
span_00556,696.444336,800
span_00557,608.502197,800
span_00558,760.370728,800
span_00559,708.256348,800
span_00560,712.570374,800
span_00561,637.960571,800
span_00562,601.615601,800
span_00563,651.762085,800
span_00564,680.666260,800
span_00565,544.429382,800
span_00566,614.705566,800
span_00567,605.278076,800
span_00568,605.389648,800
span_00569,629.552124,800
span_00570,627.254944,800
span_00571,673.850830,800
span_00572,704.048706,800
span_00573,583.937012,800
span_00574,675.104980,800
span_00575,440.193939,800
span_00576,518.015259,800
span_00577,575.238159,800
span_00578,619.921814,800
span_00579,561.660217,800
span_00580,438.305725,800
span_00581,454.105255,800
span_00582,530.828369,800
span_00583,482.612732,800
span_00584,438.126587,800
span_00585,445.302185,800
span_00586,500.228699,800
span_00587,555.579163,800
span_00588,497.404358,800
span_00589,407.557404,800
span_00590,450.358154,800
span_00591,442.441284,800
span_00592,480.943176,800
span_00593,514.832275,800
span_00594,447.252747,800
span_00595,478.492401,800
span_00596,459.337769,800
span_00597,440.756592,801
span_00598,478.145874,800
span_00599,453.918518,800
span_00600,445.428223,800
span_00601,465.771698,800
span_00602,483.065063,800
span_00603,526.182251,800
span_00604,598.168335,800
span_00605,709.820374,800
span_00606,687.193665,800
span_00607,619.053711,800
span_00608,755.060425,800
span_00609,463.455444,800
span_00610,514.908997,800
span_00611,569.908325,800
span_00612,464.158447,800
span_00613,488.298035,800
span_00614,703.654968,800
span_00615,520.096680,800
span_00616,552.425293,800
span_00617,566.895386,800
span_00618,529.429138,800
span_00619,712.029175,800
span_00620,555.029419,800
span_00621,604.646118,800
span_00622,578.117249,800
span_00623,517.370483,800
span_00624,530.719482,800
span_00625,573.058594,800
span_00626,579.240234,800
span_00627,516.518311,800
span_00628,560.846558,800
span_00629,634.264648,800
span_00630,522.167358,800
span_00631,518.194824,800
span_00632,565.039917,800
span_00633,560.445984,800
span_00634,496.494690,800
span_00635,355.738586,800
span_00636,437.382507,800
span_00637,415.345734,800
span_00638,442.785217,800
span_00639,492.447205,800
span_00640,510.234619,800
span_00641,419.193665,800
span_00642,524.690918,800
span_00643,354.960022,800
span_00644,431.226288,800
span_00645,436.225281,800
span_00646,423.138000,800
span_00647,408.550293,800
span_00648,499.763367,800
span_00649,401.030457,800
span_00650,433.326965,800
span_00651,463.634735,800
span_00652,463.341309,800
span_00653,482.796936,800
span_00654,484.222900,800
span_00655,552.816284,800
span_00656,452.042786,800
span_00657,522.088867,800
span_00658,637.331421,800
span_00659,663.210693,800
span_00660,505.983887,800
span_00661,616.798584,800
span_00662,565.324707,800
span_00663,528.439270,800
span_00664,563.941895,800
span_00665,530.114990,800
span_00666,593.330200,800
span_00667,556.612915,800
span_00668,545.125122,800
span_00669,501.310913,800
span_00670,524.883301,800
span_00671,548.301392,800
span_00672,515.615051,800
span_00673,563.470459,800
span_00674,320.579590,800
span_00675,519.552307,800
span_00676,567.395874,800
span_00677,472.259644,800
span_00678,602.855347,800
span_00679,672.904907,800
span_00680,578.084045,800
span_00681,510.537354,800
span_00682,665.146973,800
span_00683,678.282654,800
span_00684,832.503540,800
span_00685,660.964478,800
span_00686,637.300659,800
span_00687,667.763062,800
span_00688,605.598389,800
span_00689,686.024414,800
span_00690,742.085815,800
span_00691,750.023193,800
span_00692,623.782837,800
span_00693,726.426880,800
span_00694,527.036377,800
span_00695,461.388611,800
span_00696,499.764069,800
span_00697,538.688599,800
span_00698,536.214294,800
span_00699,444.126038,800
span_00700,530.775146,800
span_00701,599.855347,800
span_00702,441.176361,800
span_00703,586.284302,800
span_00704,580.789307,800
span_00705,605.554871,800
span_00706,504.308105,800
span_00707,642.530884,800
span_00708,510.906189,800
span_00709,563.292908,800
span_00710,562.934753,800
span_00711,557.154053,800
span_00712,490.134644,800
span_00713,507.115387,800
span_00714,599.350403,800
span_00715,517.586975,800
span_00716,495.381317,800
span_00717,568.487366,800
span_00718,480.912109,800
span_00719,545.393372,800
span_00720,535.528687,800
span_00721,577.364807,800
span_00722,556.157349,800
span_00723,653.419678,800
span_00724,597.238342,800
span_00725,543.314819,800
span_00726,603.609985,800
span_00727,640.761353,800
span_00728,614.849304,800
span_00729,483.775940,800
span_00730,630.742188,800
span_00731,446.048035,800
span_00732,585.197327,800
span_00733,614.184509,800
span_00734,483.911926,800
span_00735,571.027832,800
span_00736,607.540283,800
span_00737,527.139648,800
span_00738,578.132812,800
span_00739,673.141113,800
span_00740,602.616211,800
span_00741,613.256775,800
span_00742,559.696106,800
span_00743,596.515137,800
span_00744,712.115601,800
span_00745,636.605713,800
span_00746,645.349365,800
span_00747,519.014160,800
span_00748,516.880005,800
span_00749,529.849487,800
span_00750,582.253662,800
span_00751,526.903076,800
span_00752,552.615356,800
span_00753,779.017944,800
span_00754,569.998413,800
span_00755,502.768005,800
span_00756,504.929779,800
span_00757,429.453522,800
span_00758,473.955109,800
span_00759,584.918823,800
span_00760,563.771301,800
span_00761,561.121582,800
span_00762,542.812622,800
span_00763,596.523071,800
span_00764,603.945862,800
span_00765,637.603882,800
span_00766,575.195435,800
span_00767,596.068420,800
span_00768,489.535126,800
span_00769,581.579346,800
span_00770,593.910828,800
span_00771,504.022644,800
span_00772,532.281250,800
span_00773,652.796814,800
span_00774,681.508545,800
span_00775,670.543030,800
span_00776,750.708008,800
span_00777,741.875854,800
span_00778,727.458069,800
span_00779,697.243652,800
span_00780,620.811401,800
span_00781,536.053589,800
span_00782,570.057617,800
span_00783,614.803589,800
span_00784,502.836975,800
span_00785,734.038818,800
span_00786,468.608032,800
span_00787,498.814758,800
span_00788,482.332123,800
span_00789,546.129517,800
span_00790,508.921906,800
span_00791,568.728882,800
span_00792,339.621033,800
span_00793,439.608856,800
span_00794,461.993042,800
span_00795,490.683472,800
span_00796,508.472809,800
span_00797,693.950073,800
span_00798,640.366455,800
span_00799,581.068115,800
span_00800,618.676147,800
span_00801,527.693726,800
span_00802,672.705811,800
span_00803,647.713745,800
span_00804,619.187256,800
span_00805,651.842285,800
span_00806,656.708618,800
span_00807,536.449219,800
span_00808,624.132141,800
span_00809,639.948730,800
span_00810,634.031555,800
span_00811,508.907959,800
span_00812,605.934814,800
span_00813,537.453857,800
span_00814,618.039856,800
span_00815,605.168274,800
span_00816,600.812866,800
span_00817,705.797241,800
span_00818,664.022705,800
span_00819,540.846436,800
span_00820,607.899536,800
span_00821,747.820801,800
span_00822,708.964844,800
span_00823,469.047577,800
span_00824,505.850220,800
span_00825,659.916626,800
span_00826,639.243042,800
span_00827,609.869385,800
span_00828,486.322021,800
span_00829,642.539917,800
span_00830,445.345947,800
span_00831,512.422241,800
span_00832,478.014313,800
span_00833,429.416748,800
span_00834,532.990417,800
span_00835,475.953430,800
span_00836,487.913940,800
span_00837,550.034058,800
span_00838,470.286560,800
span_00839,483.865906,800
span_00840,549.757935,800
span_00841,747.467468,800
span_00842,784.126831,800
span_00843,566.139648,800
span_00844,532.991943,800
span_00845,527.297180,800
span_00846,526.882446,800
span_00847,477.209015,800
span_00848,567.217529,800
span_00849,559.463257,800
span_00850,670.896606,800
span_00851,672.404175,800
span_00852,727.276917,800
span_00853,856.467224,800
span_00854,1028.985229,800
span_00855,877.335205,800
span_00856,885.899414,800
span_00857,896.868164,800
span_00858,928.402344,800
span_00859,1001.390381,800
span_00860,911.346985,800
span_00861,870.756042,800
span_00862,710.046143,800
span_00863,711.688293,800
span_00864,729.141113,801
span_00865,682.105103,800
span_00866,800.175049,800
span_00867,757.593506,800
span_00868,609.126465,800
span_00869,708.817749,800
span_00870,809.452148,800
span_00871,748.988281,800
span_00872,686.944702,800
span_00873,619.368713,800
span_00874,611.043213,800
span_00875,604.120239,800
span_00876,615.014038,800
span_00877,398.322205,800
span_00878,459.142822,800
span_00879,411.894592,800
span_00880,507.736389,800
span_00881,477.282288,800
span_00882,454.004272,800
span_00883,409.862885,800
span_00884,534.571533,800
span_00885,549.220398,800
span_00886,549.969666,800
span_00887,485.140839,802
span_00888,471.034698,800
span_00889,512.364868,800
span_00890,631.275513,800
span_00891,616.183289,800
span_00892,616.365540,800
span_00893,561.315552,800
span_00894,572.292480,800
span_00895,599.995483,800
span_00896,661.886047,800
span_00897,601.999512,800
span_00898,534.186890,800
span_00899,553.466553,800
span_00900,487.161194,800
span_00901,540.539062,800
span_00902,544.184448,800
span_00903,596.773132,800
span_00904,549.260681,800
span_00905,516.471375,800
span_00906,633.336670,800
span_00907,566.256653,800
span_00908,600.785645,801
span_00909,688.653564,800
span_00910,548.964294,800
span_00911,530.391052,800
span_00912,716.137817,800
span_00913,579.928711,800
span_00914,516.602722,800
span_00915,557.852661,800
span_00916,613.679626,800
span_00917,539.445923,800
span_00918,546.387634,800
span_00919,586.953735,800
span_00920,518.357910,800
span_00921,410.823059,800
span_00922,445.888367,800
span_00923,567.620972,800
span_00924,721.423462,800
span_00925,725.879761,800
span_00926,773.446655,800
span_00927,796.671875,800
span_00928,765.887939,800
span_00929,787.165039,800
span_00930,827.445923,800
span_00931,610.587402,800
span_00932,383.505585,800
span_00933,559.791138,800
span_00934,533.880249,800
span_00935,490.097534,800
span_00936,605.075806,800
span_00937,497.478058,800
span_00938,535.829956,800
span_00939,556.297180,800
span_00940,509.385071,800
span_00941,530.184998,800
span_00942,594.867920,800
span_00943,519.468628,800
span_00944,524.337646,800
span_00945,558.405090,800
span_00946,466.175201,800
span_00947,549.127686,800
span_00948,439.345032,800
span_00949,464.474762,800
span_00950,499.147278,800
span_00951,450.856476,800
span_00952,503.145508,800
span_00953,560.158936,800
span_00954,671.142700,800
span_00955,686.353516,800
span_00956,684.354248,801
span_00957,621.044189,800
span_00958,721.271851,800
span_00959,671.869080,800
span_00960,604.184082,800
span_00961,660.830200,800
span_00962,615.013855,800
span_00963,808.965332,800
span_00964,667.150757,800
span_00965,589.261169,800
span_00966,633.340698,800
span_00967,568.419739,800
span_00968,510.334015,800
span_00969,698.787476,800
span_00970,554.781738,800
span_00971,423.532715,800
span_00972,630.784546,800
span_00973,541.420044,800
span_00974,487.948547,800
span_00975,512.255920,800
span_00976,558.233643,800
span_00977,618.998901,800
span_00978,565.226440,800
span_00979,574.379944,800
span_00980,537.584351,800
span_00981,585.139526,800
span_00982,494.157959,800
span_00983,480.507324,800
span_00984,505.883331,800
span_00985,499.036102,800
span_00986,597.904236,801
span_00987,513.870728,800
span_00988,498.439545,800
span_00989,460.298218,800
span_00990,483.507111,800
span_00991,486.768005,800
span_00992,491.775116,800
span_00993,512.183289,800
span_00994,495.667664,800
span_00995,561.181946,800
span_00996,590.516724,800
span_00997,865.618042,800
span_00998,767.987305,800
span_00999,792.405212,800
span_01000,679.416382,800
span_01001,490.886292,800
span_01002,489.327637,800
span_01003,439.708618,800
span_01004,578.835144,800
span_01005,557.057678,800
span_01006,560.353271,800
span_01007,601.846924,800
span_01008,528.183594,800
span_01009,630.687744,800
span_01010,535.342896,800
span_01011,557.515747,800
span_01012,521.118347,800
span_01013,538.125977,800
span_01014,618.110229,800
span_01015,501.850403,800
span_01016,647.472229,800
span_01017,496.690674,801
span_01018,585.014160,800
span_01019,509.012146,800
span_01020,485.430969,800
span_01021,510.097961,800
span_01022,566.089355,800
span_01023,502.937439,800
span_01024,555.082031,800
span_01025,556.960205,800
span_01026,397.574829,800
span_01027,352.403473,800
span_01028,453.892456,800
span_01029,497.561554,800
span_01030,596.530823,800
span_01031,476.257721,800
span_01032,550.888672,800
span_01033,569.104736,800
span_01034,478.031952,800
span_01035,514.909241,800
span_01036,582.195190,800
span_01037,666.884277,800
span_01038,633.826416,800
span_01039,716.112183,800
span_01040,756.035400,800
span_01041,663.994995,800
span_01042,621.401184,800
span_01043,709.834290,800
span_01044,665.896118,800
span_01045,604.704590,800
span_01046,655.202515,800
span_01047,633.298035,800
span_01048,694.818237,800
span_01049,578.469788,800
span_01050,425.864655,800
span_01051,465.059875,800
span_01052,465.747131,800
span_01053,594.206421,800
span_01054,466.134918,800
span_01055,551.600403,800
span_01056,598.371948,800
span_01057,467.964233,800
span_01058,524.708374,800
span_01059,479.589142,800
span_01060,488.821411,800
span_01061,517.563477,800
span_01062,513.283813,800
span_01063,531.496948,800
span_01064,523.901672,800
span_01065,566.569275,800
span_01066,531.200684,800
span_01067,576.130005,800
span_01068,594.140381,800
span_01069,458.540344,800
span_01070,499.301941,800
span_01071,436.736603,800
span_01072,413.293488,800
span_01073,439.921448,800
span_01074,395.492554,800
span_01075,558.817810,800
span_01076,409.920532,800
span_01077,681.682068,800
span_01078,780.509399,800
span_01079,890.217041,800
span_01080,677.901733,800
span_01081,481.941895,800
span_01082,483.710571,800
span_01083,511.339417,800
span_01084,748.699829,800
span_01085,630.640625,800
span_01086,707.610962,800
span_01087,751.126465,800
span_01088,614.327759,800
span_01089,682.661377,800
span_01090,637.915161,800
span_01091,752.258423,800
span_01092,683.267578,800
span_01093,720.709229,800
span_01094,677.960083,800
span_01095,659.730652,800
span_01096,513.360596,800
span_01097,517.121948,800
span_01098,453.925842,800
span_01099,485.544647,800
span_01100,513.391724,800
span_01101,492.606140,800
span_01102,487.937622,800
span_01103,472.323334,800
span_01104,519.571045,800
span_01105,560.867188,800
span_01106,512.912781,800
span_01107,531.268921,800
span_01108,484.946991,800
span_01109,558.221741,800
span_01110,452.262634,800
span_01111,547.111755,800
span_01112,454.936401,800
span_01113,516.821350,800
span_01114,528.401978,800
span_01115,431.004120,800
span_01116,445.138611,800
span_01117,513.178284,800
span_01118,451.569458,800
span_01119,481.450470,800
span_01120,572.807129,800
span_01121,490.838531,800
span_01122,520.741943,800
span_01123,498.747711,800
span_01124,808.613037,800
span_01125,301.108337,800
span_01126,548.473999,800
span_01127,533.361145,800
span_01128,652.718079,800
span_01129,636.143860,800
span_01130,631.281799,800
span_01131,657.435791,800
span_01132,577.078003,800
span_01133,477.385132,800
span_01134,558.598083,800
span_01135,560.701538,800
span_01136,534.973999,800
span_01137,611.842590,800
span_01138,594.687866,800
span_01139,605.400757,800
span_01140,490.931152,800
span_01141,611.475342,800
span_01142,705.484985,800
span_01143,429.681244,800
span_01144,496.467499,800
span_01145,480.904663,800
span_01146,519.641479,800
span_01147,523.605469,800
span_01148,539.960327,800
span_01149,508.966125,800
span_01150,376.260132,800
span_01151,418.651855,800
span_01152,483.212769,800
span_01153,646.973877,800
span_01154,611.345215,800
span_01155,511.780396,800
span_01156,597.849976,800
span_01157,534.122559,800
span_01158,419.821960,800
span_01159,506.629669,800
span_01160,532.150818,800
span_01161,518.717957,800
span_01162,455.144714,800
span_01163,452.089478,800
span_01164,522.547729,800
span_01165,527.923096,800
span_01166,597.584229,800
span_01167,540.369812,800
span_01168,536.126343,800
span_01169,551.464905,800
span_01170,518.184326,800
span_01171,522.943481,800
span_01172,495.645996,800
span_01173,481.383698,800
span_01174,521.543701,800
span_01175,504.356598,800
span_01176,563.570801,800
span_01177,547.310303,800
span_01178,506.848053,800
span_01179,526.097046,800
span_01180,524.216064,800
span_01181,540.048889,800
span_01182,442.924011,800
span_01183,596.633545,800
span_01184,496.450409,800
span_01185,512.975281,800
span_01186,486.993073,800
span_01187,521.408386,800
span_01188,618.579224,800
span_01189,714.230225,800
span_01190,576.014526,800
span_01191,659.178162,800
span_01192,615.173828,800
span_01193,623.391357,800
span_01194,631.008545,800
span_01195,623.640320,800
span_01196,596.372131,800
span_01197,681.708069,800
span_01198,743.700012,800
span_01199,622.167603,800
span_01200,501.680176,800
span_01201,629.868835,800
span_01202,516.764526,801
span_01203,701.674683,800
span_01204,407.451965,800
span_01205,494.855225,800
span_01206,539.394165,800
span_01207,505.712616,800
span_01208,369.729553,800
span_01209,417.608582,800
span_01210,478.443787,800
span_01211,388.721039,800
span_01212,455.740021,800
span_01213,960.861267,800
span_01214,875.330017,800
span_01215,862.530396,800
span_01216,822.478516,800
span_01217,798.616089,800
span_01218,767.630859,800
span_01219,567.333740,800
span_01220,749.901611,800
span_01221,726.874695,800
span_01222,776.737549,800
span_01223,800.022766,800
span_01224,769.059204,800
span_01225,719.440796,800
span_01226,759.005920,800
span_01227,798.148926,800
span_01228,720.539185,800
span_01229,767.585449,800
span_01230,748.309326,800
span_01231,593.057312,800
span_01232,596.409912,800
span_01233,642.282227,800
span_01234,606.397217,800
span_01235,519.351440,800
span_01236,510.126556,800
span_01237,568.336853,800
span_01238,517.125977,800
span_01239,574.121643,800
span_01240,512.340271,800
span_01241,831.129883,800
span_01242,712.194580,800
span_01243,928.923340,800
span_01244,862.827148,800
span_01245,488.291504,800
span_01246,584.276917,800
span_01247,472.382263,800
span_01248,924.522217,800
span_01249,773.275879,800
span_01250,874.644958,800
span_01251,907.059143,800
span_01252,814.389160,800
span_01253,828.969116,800
span_01254,669.295410,800
span_01255,608.638672,800
span_01256,692.567200,800
span_01257,521.907898,801
span_01258,878.729553,800
span_01259,870.013062,800
span_01260,686.415039,800
span_01261,855.569458,800
span_01262,377.871613,800
span_01263,352.347137,800
span_01264,552.763794,801
span_01265,664.519958,800
span_01266,527.563232,800
span_01267,507.106720,800
span_01268,673.788635,800
span_01269,576.069214,800
span_01270,544.479126,800
span_01271,569.057434,800
span_01272,729.610474,800
span_01273,453.964233,800
span_01274,421.396851,800
span_01275,472.096313,800
span_01276,379.562775,800
span_01277,534.004089,800
span_01278,535.357666,800
span_01279,533.157349,800
span_01280,521.429626,800
span_01281,521.023682,800
span_01282,535.755127,800
span_01283,462.014038,800
span_01284,512.595825,800
span_01285,618.124268,800
span_01286,583.222534,800
span_01287,512.469482,800
span_01288,455.447479,800
span_01289,391.917297,800
span_01290,486.877106,800
span_01291,416.430359,800
span_01292,541.269104,800
span_01293,819.569641,800
span_01294,500.055939,800
span_01295,325.996063,800
span_01296,355.302917,800
span_01297,797.413574,800
span_01298,1062.030029,800
span_01299,962.838623,800
span_01300,933.853638,800
span_01301,751.865051,800
span_01302,464.089386,800
span_01303,667.965942,800
span_01304,553.781921,800
span_01305,569.711914,800
span_01306,503.775696,800
span_01307,586.955078,800
span_01308,438.641327,800
span_01309,611.718994,800
span_01310,696.612915,800
span_01311,519.628662,800
span_01312,456.993256,800
span_01313,450.789948,800
span_01314,473.858093,800
span_01315,484.883606,800
span_01316,491.405518,800
span_01317,455.106049,800
span_01318,757.291748,800
span_01319,624.979492,800
span_01320,472.762085,800
span_01321,418.115295,800
span_01322,421.360962,800
span_01323,349.170288,800
span_01324,524.898438,800
span_01325,442.917328,800
span_01326,631.188110,800
span_01327,458.953308,800
span_01328,831.017822,800
span_01329,376.042175,800
span_01330,1085.024658,800
span_01331,1244.525269,800
span_01332,685.948364,800
span_01333,557.289673,800
span_01334,655.385010,800
span_01335,805.108032,800
span_01336,703.982544,800
span_01337,809.327698,800
span_01338,667.130249,800
span_01339,568.131042,800
span_01340,702.826416,800
span_01341,526.860474,800
span_01342,481.322174,800
span_01343,593.849243,800
span_01344,868.185669,800
span_01345,784.332520,800
span_01346,810.961182,800
span_01347,814.272583,800
span_01348,875.305542,800
span_01349,725.123657,800
span_01350,544.297729,800
span_01351,402.257690,800
span_01352,605.370667,800
span_01353,544.103210,800
span_01354,585.727539,800
span_01355,319.495514,800
span_01356,405.126465,800
span_01357,342.183289,800
span_01358,407.310638,800
span_01359,495.606476,800
span_01360,675.297241,800
span_01361,728.550415,800
span_01362,670.074097,800
span_01363,392.520081,800
span_01364,903.008057,800
span_01365,875.535034,800
span_01366,986.018921,800
span_01367,1046.439941,800
span_01368,676.805847,800
span_01369,522.719299,800
span_01370,687.253418,800
span_01371,648.331238,800
span_01372,557.034119,800
span_01373,548.489746,800
span_01374,581.162476,801
span_01375,492.631500,800
span_01376,541.824890,800
span_01377,615.677612,800
span_01378,673.365662,800
span_01379,761.783203,800
span_01380,690.941467,800
span_01381,700.585510,800
span_01382,803.945435,800
span_01383,432.503540,800
span_01384,426.516296,800
span_01385,596.901123,800
span_01386,689.933533,800
span_01387,579.576782,800
span_01388,481.658966,800
span_01389,555.812622,800
span_01390,610.703674,800
span_01391,536.355286,800
span_01392,577.098206,800
span_01393,612.945862,800
span_01394,433.223724,801
span_01395,555.383667,800
span_01396,610.055420,800
span_01397,694.527222,800
span_01398,642.836670,800
span_01399,648.025513,800
span_01400,592.207764,800
span_01401,682.123901,800
span_01402,565.773193,800
span_01403,535.937561,800
span_01404,543.298340,800
span_01405,423.476837,800
span_01406,673.806519,800
span_01407,526.169434,800
span_01408,629.591125,800
span_01409,603.189331,800
span_01410,555.861938,800
span_01411,446.451599,800
span_01412,633.607178,800
span_01413,768.906494,800
span_01414,768.241943,800
span_01415,748.819214,800
span_01416,698.870789,800
span_01417,503.345520,800
span_01418,535.589111,800
span_01419,465.498260,800
span_01420,548.315918,801
span_01421,502.588776,800
span_01422,501.984344,800
span_01423,547.257324,800
span_01424,600.171143,800
span_01425,500.722870,801
span_01426,478.250793,800
span_01427,498.905243,800
span_01428,540.233032,800
span_01429,450.935181,800
span_01430,489.244141,800
span_01431,554.969971,800
span_01432,451.874023,800
span_01433,546.710449,800
span_01434,493.326538,800
span_01435,588.911987,800
span_01436,540.520264,800
span_01437,434.237366,800
span_01438,498.188080,800
span_01439,566.640930,800
span_01440,529.753906,800
span_01441,545.599731,800
span_01442,542.812500,800
span_01443,530.654785,800
span_01444,562.298279,800
span_01445,544.819397,800
span_01446,496.532135,800
span_01447,562.357361,800
span_01448,513.047058,800
span_01449,570.090942,800
span_01450,748.406311,800
span_01451,676.136597,800
span_01452,791.140076,800
span_01453,543.199219,800
span_01454,601.018677,800
span_01455,710.101929,800
span_01456,505.316528,800
span_01457,528.013794,800
span_01458,489.947021,800
span_01459,526.038330,800
span_01460,509.276062,800
span_01461,559.464478,800
span_01462,552.605469,800
span_01463,520.038513,800
span_01464,563.081421,800
span_01465,756.511597,800
span_01466,818.861389,800
span_01467,869.184082,800
span_01468,879.697266,800
span_01469,1001.573608,800
span_01470,718.407959,800
span_01471,644.054871,800
span_01472,605.252075,800
span_01473,559.132690,800
span_01474,591.374878,800
span_01475,571.372314,800
span_01476,596.892090,800
span_01477,705.171448,800
span_01478,529.542603,800
span_01479,646.161621,800
span_01480,865.042725,800
span_01481,845.992737,800
span_01482,793.771729,800
span_01483,526.291809,800
span_01484,689.728394,800
span_01485,587.847839,800
span_01486,679.384766,800
span_01487,631.902039,800
span_01488,643.519653,800
span_01489,691.514954,800
span_01490,666.430115,800
span_01491,672.883606,800
span_01492,814.258911,800
span_01493,700.103882,800
span_01494,627.385986,800
span_01495,889.233154,800
span_01496,737.955566,800
span_01497,691.278564,800
span_01498,600.986084,800
span_01499,656.200684,800
span_01500,590.408691,800
span_01501,577.032593,800
span_01502,565.547607,800
span_01503,540.719116,800
span_01504,461.991272,800
span_01505,554.077820,800
span_01506,492.235077,800
span_01507,542.290527,800
span_01508,482.827454,800
span_01509,499.509460,800
span_01510,543.400391,800
span_01511,477.374481,800
span_01512,415.396973,800
span_01513,494.235687,800
span_01514,521.418884,800
span_01515,528.200806,800
span_01516,627.847351,800
span_01517,696.576538,800
span_01518,596.960632,800
span_01519,545.606323,800
span_01520,690.496277,800
span_01521,552.537842,800
span_01522,708.430664,800
span_01523,577.280823,800
span_01524,692.732849,800
span_01525,671.869446,800
span_01526,609.280640,800
span_01527,398.218201,800
span_01528,444.064087,801
span_01529,455.195923,800
span_01530,494.273804,800
span_01531,604.661133,800
span_01532,484.304626,800
span_01533,579.736206,800
span_01534,564.415894,800
span_01535,349.449585,800
span_01536,524.962402,801
span_01537,495.604828,800
span_01538,522.487305,800
span_01539,546.008423,800
span_01540,522.519897,800
span_01541,605.626160,800
span_01542,654.892700,800
span_01543,569.367065,800
span_01544,429.655640,800
span_01545,813.506470,801
span_01546,873.497803,800
span_01547,906.402832,800
span_01548,861.109619,801
span_01549,730.618286,800
span_01550,415.506409,800
span_01551,450.686676,800
span_01552,649.508057,800
span_01553,522.368774,800
span_01554,452.291077,800
span_01555,311.974609,800
span_01556,346.314484,800
span_01557,434.095825,800
span_01558,471.642151,800
span_01559,472.846924,800
span_01560,603.783569,800
span_01561,613.469360,800
span_01562,575.197632,800
span_01563,487.365784,800
span_01564,510.382629,800
span_01565,662.039246,800
span_01566,621.707825,800
span_01567,704.053101,800
span_01568,517.331177,800
span_01569,587.275330,800
span_01570,855.942200,800
span_01571,742.204651,800
span_01572,735.847656,800
span_01573,654.409912,800
span_01574,775.155029,800
span_01575,607.242249,800
span_01576,755.352173,800
span_01577,399.796265,800
span_01578,484.260193,800
span_01579,735.301331,800
span_01580,603.349792,800
span_01581,775.392944,800
span_01582,731.469543,800
span_01583,634.118958,800
span_01584,645.503784,800
span_01585,701.649780,800
span_01586,710.984070,800
span_01587,727.962158,800
span_01588,640.613647,800
span_01589,654.319824,800
span_01590,601.653687,800
span_01591,550.481445,800
span_01592,630.897400,800
span_01593,443.597748,800
span_01594,311.552795,800
span_01595,570.452026,800
span_01596,639.243164,800
span_01597,687.676819,800
span_01598,741.881409,800
span_01599,895.240723,800
span_01600,745.298950,800
span_01601,710.772034,800
span_01602,732.659546,800
span_01603,762.214783,800
span_01604,866.235718,800
span_01605,560.400513,800
span_01606,691.597290,800
span_01607,558.234741,800
span_01608,575.607300,800
span_01609,370.481445,800
span_01610,766.466309,800
span_01611,226.907471,800
span_01612,475.228088,800
span_01613,712.894470,800
span_01614,818.997131,800
span_01615,694.780090,800
span_01616,986.882446,800
span_01617,785.729736,800
span_01618,728.120911,800
span_01619,719.494019,800
span_01620,760.370117,800
span_01621,755.851807,800
span_01622,647.087280,800
span_01623,619.114014,800
span_01624,759.845520,801
span_01625,811.061646,800
span_01626,674.772644,800
span_01627,839.288330,800
span_01628,731.039673,800
span_01629,623.384888,800
span_01630,877.631042,800
span_01631,763.974365,800
span_01632,758.555908,800
span_01633,687.111938,800
span_01634,711.168823,800
span_01635,686.985107,800
span_01636,717.071533,800
span_01637,708.816772,800
span_01638,732.145264,800
span_01639,779.986328,800
span_01640,522.333618,800
span_01641,392.295349,800
span_01642,641.419434,800
span_01643,638.025635,800
span_01644,588.860413,800
span_01645,644.433838,800
span_01646,720.989380,800
span_01647,727.228027,800
span_01648,716.162903,800
span_01649,694.079346,800
span_01650,676.038452,800
span_01651,697.882446,800
span_01652,718.041565,800
span_01653,682.142639,800
span_01654,680.089233,800
span_01655,723.853027,800
span_01656,679.351013,800
span_01657,705.085571,800
span_01658,742.696045,800
span_01659,545.800659,800
span_01660,554.626709,800
span_01661,708.841187,801
span_01662,665.294434,800
span_01663,469.762726,800
span_01664,442.155273,800
span_01665,467.799500,800
span_01666,411.799347,800
span_01667,392.440643,800
span_01668,466.543304,800
span_01669,462.065369,800
span_01670,451.489716,800
span_01671,592.460815,800
span_01672,632.018311,800
span_01673,460.512756,800
span_01674,629.452026,800
span_01675,723.266602,800
span_01676,841.697937,800
span_01677,811.100586,800
span_01678,850.124939,800
span_01679,813.677368,800
span_01680,844.252441,800
span_01681,706.399231,800
span_01682,904.693970,800
span_01683,840.249390,800
span_01684,760.791992,800
span_01685,635.092285,800
span_01686,632.747070,800
span_01687,929.336914,800
span_01688,837.679688,800
span_01689,912.787354,800
span_01690,948.554810,800
span_01691,875.223267,800
span_01692,930.312744,800
span_01693,802.241821,800
span_01694,816.771240,800
span_01695,682.800659,800
span_01696,483.252289,800
span_01697,648.074585,800
span_01698,562.344788,800
span_01699,643.017273,800
span_01700,559.527710,800
span_01701,604.043823,800
span_01702,594.964233,800
span_01703,610.106567,800
span_01704,600.736938,800
span_01705,570.589905,800
span_01706,522.668274,800
span_01707,531.923035,800
span_01708,518.674438,800
span_01709,673.396973,801
span_01710,607.450989,800
span_01711,490.466583,800
span_01712,586.507690,800
span_01713,526.277832,800
span_01714,538.165955,800
span_01715,598.599243,800
span_01716,562.624878,800
span_01717,615.571350,800
span_01718,534.417725,800
span_01719,591.569275,800
span_01720,571.993530,800
span_01721,639.747559,800
span_01722,566.703247,800
span_01723,558.479553,800
span_01724,562.648315,800
span_01725,696.656921,800
span_01726,423.952820,800
span_01727,573.684326,800
span_01728,430.295197,800
span_01729,475.615112,800
span_01730,496.203918,800
span_01731,474.352722,800
span_01732,437.622620,800
span_01733,451.791351,800
span_01734,569.895935,800
span_01735,637.923584,800
span_01736,486.259705,800
span_01737,703.074402,800
span_01738,644.558350,800
span_01739,720.741455,800
span_01740,745.559509,800
span_01741,684.403564,800
span_01742,615.078247,800
span_01743,732.926758,800
span_01744,769.226196,800
span_01745,848.140564,800
span_01746,732.472107,800
span_01747,739.557861,800
span_01748,853.620483,800
span_01749,971.911743,800
span_01750,774.252075,800
span_01751,749.157593,800
span_01752,960.801758,800
span_01753,816.115723,800
span_01754,696.806641,800
span_01755,592.665405,800
span_01756,624.514404,800
span_01757,483.263824,800
span_01758,684.391846,800
span_01759,622.171204,800
span_01760,545.057556,800
span_01761,650.598877,800
span_01762,537.588989,800
span_01763,469.464294,800
span_01764,404.079163,800
span_01765,427.378876,800
span_01766,430.587921,800
span_01767,505.443542,800
span_01768,603.989624,800
span_01769,510.960938,800
span_01770,498.172272,800
span_01771,545.649841,800
span_01772,578.237183,800
span_01773,471.868652,800
span_01774,544.214478,800
span_01775,796.476807,800
span_01776,660.092712,800
span_01777,723.884766,800
span_01778,797.466980,800
span_01779,685.136108,800
span_01780,577.348083,800
span_01781,601.756714,800
span_01782,778.925049,800
span_01783,877.278503,801
span_01784,875.082031,800
span_01785,765.755920,800
span_01786,664.167603,800
span_01787,837.617432,800
span_01788,628.872803,800
span_01789,807.429932,800
span_01790,680.441956,800
span_01791,760.684570,800
span_01792,747.397217,800
span_01793,592.077148,800
span_01794,687.662354,800
span_01795,686.365906,800
span_01796,657.011597,800
span_01797,566.609131,800
span_01798,537.190369,800
span_01799,481.058228,800
span_01800,501.282166,800
span_01801,484.278442,800
span_01802,515.574036,800
span_01803,550.578857,800
span_01804,490.918701,800
span_01805,565.812622,800
span_01806,608.611267,800
span_01807,552.184631,800
span_01808,485.915100,800
span_01809,638.436523,800
span_01810,605.656372,800
span_01811,580.620361,800
span_01812,563.992859,800
span_01813,482.967438,800
span_01814,721.651489,800
span_01815,717.073608,800
span_01816,655.900085,800
span_01817,680.088318,800
span_01818,675.109192,800
span_01819,745.126221,800
span_01820,692.383362,800
span_01821,670.493286,800
span_01822,493.977905,800
span_01823,549.301758,800
span_01824,604.088867,800
span_01825,570.361694,800
span_01826,592.625854,800
span_01827,489.934326,800
span_01828,644.686890,800
span_01829,592.761658,800
span_01830,525.639954,800
span_01831,610.743958,801
span_01832,438.793304,800
span_01833,632.491699,800
span_01834,583.712524,800
span_01835,585.104614,800
span_01836,468.566711,800
span_01837,561.979736,800
span_01838,638.178650,800
span_01839,542.966431,800
span_01840,543.361084,800
span_01841,712.088684,800
span_01842,592.612549,800
span_01843,576.827209,800
span_01844,709.637085,800
span_01845,462.815430,800
span_01846,374.089874,800
span_01847,456.848877,800
span_01848,563.518066,800
span_01849,489.741577,800
span_01850,695.933350,800
span_01851,642.300049,800
span_01852,659.138916,800
span_01853,605.041687,800
span_01854,582.603149,800
span_01855,705.411438,800
span_01856,587.542114,800
span_01857,716.492676,800
span_01858,401.682434,800
span_01859,470.194031,800
span_01860,415.071564,800
span_01861,310.133667,800
span_01862,568.614868,800
span_01863,485.394257,800
span_01864,487.341980,800
span_01865,549.268677,800
span_01866,547.898254,800
span_01867,638.809082,800
span_01868,566.045898,800
span_01869,628.271484,800
span_01870,613.468628,800
span_01871,653.650452,800
span_01872,575.599976,800
span_01873,649.798889,800
span_01874,656.024048,800
span_01875,548.787170,800
span_01876,928.146484,800
span_01877,734.545959,800
span_01878,672.959534,800
span_01879,667.469788,800
span_01880,724.860413,800
span_01881,662.005066,800
span_01882,483.902954,800
span_01883,460.387177,801
span_01884,579.430237,800
span_01885,589.604614,800
span_01886,506.586456,800
span_01887,735.504150,800
span_01888,638.074707,800
span_01889,592.381165,800
span_01890,513.503662,800
span_01891,613.174011,800
span_01892,611.658813,800
span_01893,424.352966,800
span_01894,387.854126,800
span_01895,514.512207,800
span_01896,591.576599,800
span_01897,514.940796,800
span_01898,586.368408,800
span_01899,726.163208,800
span_01900,571.335388,800
span_01901,641.227539,800
span_01902,596.805237,800
span_01903,677.830322,800
span_01904,590.810425,800
span_01905,644.936279,800
span_01906,545.187866,800
span_01907,483.737183,800
span_01908,498.621735,800
span_01909,525.876770,800
span_01910,503.877075,800
span_01911,494.309204,800
span_01912,562.797119,800
span_01913,564.420654,800
span_01914,514.532227,800
span_01915,597.056030,800
span_01916,558.029419,800
span_01917,615.767883,800
span_01918,691.150940,800
span_01919,625.579834,801
span_01920,637.106812,800
span_01921,578.082397,800
span_01922,463.144043,800
span_01923,546.499268,800
span_01924,516.618530,800
span_01925,586.443604,800
span_01926,544.229492,800
span_01927,531.803345,800
span_01928,434.897827,800
span_01929,425.297546,800
span_01930,478.553925,800
span_01931,551.073608,800
span_01932,508.229187,800
span_01933,504.476135,800
span_01934,572.587952,800
span_01935,519.539856,800
span_01936,565.340698,800
span_01937,531.861023,800
span_01938,584.028870,800
span_01939,501.322205,800
span_01940,452.704407,800
span_01941,607.001038,800
span_01942,587.126892,800
span_01943,424.891602,800
span_01944,522.722107,800
span_01945,503.929749,800
span_01946,503.104187,800
span_01947,527.863708,800
span_01948,588.107666,800
span_01949,638.405273,800
span_01950,625.507874,800
span_01951,719.177856,800
span_01952,502.403809,800
span_01953,615.196655,800
span_01954,583.848877,800
span_01955,536.514771,802
span_01956,486.731720,800
span_01957,750.147583,800
span_01958,855.148926,800
span_01959,644.315674,800
span_01960,673.383057,800
span_01961,682.496033,800
span_01962,732.463989,800
span_01963,524.815247,800
span_01964,428.493042,800
span_01965,363.644531,800
span_01966,442.302216,800
span_01967,530.850342,800
span_01968,484.673767,800
span_01969,522.689819,800
span_01970,537.610657,800
span_01971,536.908447,800
span_01972,678.214355,801
span_01973,658.170166,800
span_01974,550.786987,800
span_01975,652.392578,800
span_01976,646.293335,800
span_01977,513.583862,800
span_01978,595.866882,800
span_01979,758.739807,800
span_01980,545.477600,800
span_01981,553.695068,800
span_01982,637.085999,800
span_01983,646.143799,800
span_01984,709.254822,800
span_01985,628.466614,800
span_01986,744.696899,800
span_01987,652.758545,800
span_01988,552.878296,800
span_01989,817.552368,800
span_01990,810.044983,800
span_01991,930.075500,800
span_01992,992.747864,800
span_01993,813.917542,800
span_01994,790.307190,802
span_01995,661.111450,800
span_01996,590.551147,800
span_01997,534.024353,800
span_01998,488.484039,800
span_01999,612.939087,800
span_02000,405.515717,800
span_02001,378.600708,800
span_02002,533.174561,800
span_02003,525.402344,800
span_02004,525.544250,800
span_02005,624.147583,800
span_02006,741.252075,800
span_02007,520.880981,800
span_02008,538.501709,800
span_02009,570.563721,800
span_02010,501.419067,800
span_02011,537.973145,800
span_02012,551.460815,800
span_02013,668.522583,800
span_02014,571.932617,800
span_02015,648.878174,800
span_02016,560.033875,800
span_02017,671.793518,800
span_02018,619.293152,800
span_02019,634.992371,800
span_02020,526.183411,800
span_02021,554.629944,800
span_02022,610.164368,800
span_02023,699.258057,800
span_02024,554.316833,800
span_02025,582.637451,800
span_02026,610.177246,800
span_02027,635.572327,800
span_02028,573.396729,800
span_02029,567.226196,800
span_02030,643.881775,800
span_02031,395.043701,800
span_02032,463.528503,800
span_02033,695.083862,800
span_02034,785.189941,800
span_02035,579.255554,800
span_02036,550.545044,800
span_02037,584.668701,800
span_02038,550.237610,800
span_02039,669.636169,800
span_02040,576.019775,800
span_02041,512.144409,800
span_02042,535.391357,800
span_02043,672.919678,800
span_02044,817.825989,800
span_02045,843.229736,800
span_02046,773.439209,800
span_02047,771.978577,800
span_02048,828.261780,800
span_02049,823.979858,800
span_02050,789.352783,800
span_02051,688.794922,800
span_02052,815.380554,800
span_02053,662.761230,800
span_02054,809.844849,800
span_02055,701.682495,800
span_02056,721.994446,800
span_02057,492.858948,514
